practice,outcome,n,spearman_rho,p_value
log_body_len,is_merged,33596,-0.25125670676232786,0.0
log_n_commits,is_merged,33596,-0.22581736755002763,0.0
log_title_len,is_merged,33596,-0.21015868060796217,0.0
log_loc_added,is_merged,33596,-0.1393477738273909,2.8240986616506215e-145
log_loc_changed,is_merged,33596,-0.13855907195399667,1.2126705193661488e-143
log_max_commit_size,is_merged,33596,-0.12019905668289821,2.481440316442512e-108
log_loc_deleted,is_merged,33596,-0.0916501248628155,1.385248189438041e-63
log_files_changed,is_merged,33596,-0.07899034884578807,1.2039393561778983e-47
log_mean_commit_size,is_merged,33596,-0.06820390894719502,6.153745595178803e-36
log_n_commits,n_changes_requested,33596,0.25273128369678494,0.0
log_body_len,n_changes_requested,33596,0.1723690293507876,2.3945073253097368e-222
log_title_len,n_changes_requested,33596,0.14720824999035126,4.477820140859169e-162
log_loc_deleted,n_changes_requested,33596,0.14553389461077235,2.041296881263744e-158
log_loc_changed,n_changes_requested,33596,0.1293840335118465,2.372034928925521e-125
log_loc_added,n_changes_requested,33596,0.12384206389777766,6.285065414021768e-115
log_files_changed,n_changes_requested,33596,0.09684539080078149,8.127171487168062e-71
log_max_commit_size,n_changes_requested,33596,0.09620513743760897,6.651717387836753e-70
log_mean_commit_size,n_changes_requested,33596,0.03360775987381492,7.203692805029878e-10
log_n_commits,n_inline_review_comments,33596,0.4841815642689782,0.0
log_body_len,n_inline_review_comments,33596,0.2854115449818946,0.0
log_loc_deleted,n_inline_review_comments,33596,0.27402512135475626,0.0
log_title_len,n_inline_review_comments,33596,0.24929768247021716,0.0
log_loc_changed,n_inline_review_comments,33596,0.2321217957703426,0.0
log_loc_added,n_inline_review_comments,33596,0.22176342444622582,0.0
log_files_changed,n_inline_review_comments,33596,0.1872140216926379,1.2597770814882522e-262
log_max_commit_size,n_inline_review_comments,33596,0.1762334675598416,1.7154523692250808e-232
log_mean_commit_size,n_inline_review_comments,33596,0.05318766656032032,1.7487131358495344e-22
log_n_commits,time_to_merge_hours,24014,0.6661831862797954,0.0
log_title_len,time_to_merge_hours,24014,0.2888173101700941,0.0
log_body_len,time_to_merge_hours,24014,0.28245220291073314,0.0
log_loc_deleted,time_to_merge_hours,24014,0.25866722660262165,0.0
log_loc_changed,time_to_merge_hours,24014,0.22065915139765732,1.258333792061353e-262
log_loc_added,time_to_merge_hours,24014,0.20298080382208084,1.0567120724911014e-221
log_max_commit_size,time_to_merge_hours,24014,0.1568547495340284,4.2206511101542375e-132
log_files_changed,time_to_merge_hours,24014,0.1548436629823865,9.568178010778404e-129
log_mean_commit_size,time_to_merge_hours,24014,0.01472121953291329,0.022532388654309444
